{"cameraMode":{"drawMode":0,"name":"Shaded","section":"Shading Mode"},"sceneLighting":true,"audioPlay":false,"sceneViewState":{"m_AlwaysRefresh":false,"showFog":true,"showSkybox":true,"showFlares":true,"showImageEffects":true,"showParticleSystems":true,"showVisualEffectGraphs":true,"m_FxEnabled":true},"in2DMode":false,"pivot":{"x":-2.8610432147979738,"y":-1.3300837278366089,"z":21.438358306884767},"rotation":{"x":0.050106119364500049,"y":0.148354172706604,"z":0.007531620562076569,"w":-0.9876406192779541},"size":6.726625919342041,"orthographic":false}