{"cameraMode":{"drawMode":0,"name":"Shaded","section":"Shading Mode"},"sceneLighting":true,"audioPlay":false,"sceneViewState":{"m_AlwaysRefresh":false,"showFog":true,"showSkybox":true,"showFlares":true,"showImageEffects":true,"showParticleSystems":true,"showVisualEffectGraphs":true,"m_FxEnabled":true},"in2DMode":false,"pivot":{"x":20.603025436401368,"y":-7.606166839599609,"z":20.209434509277345},"rotation":{"x":-0.2201928347349167,"y":-0.34049445390701296,"z":0.08235408365726471,"w":-0.9103854298591614},"size":14.858344078063965,"orthographic":false}