{"cameraMode":{"drawMode":0,"name":"Shaded","section":"Shading Mode"},"sceneLighting":true,"audioPlay":false,"sceneViewState":{"m_AlwaysRefresh":false,"showFog":true,"showSkybox":true,"showFlares":true,"showImageEffects":true,"showParticleSystems":true,"showVisualEffectGraphs":true,"m_FxEnabled":true},"in2DMode":false,"pivot":{"x":3.8441991806030275,"y":-3.448913812637329,"z":0.39646148681640627},"rotation":{"x":-0.11935016512870789,"y":0.868171215057373,"z":-0.4101082384586334,"w":-0.25265759229660036},"size":4.5640740394592289,"orthographic":false}