{"cameraMode":{"drawMode":0,"name":"Shaded","section":"Shading Mode"},"sceneLighting":true,"audioPlay":false,"sceneViewState":{"m_AlwaysRefresh":false,"showFog":true,"showSkybox":true,"showFlares":true,"showImageEffects":true,"showParticleSystems":true,"showVisualEffectGraphs":true,"m_FxEnabled":true},"in2DMode":false,"pivot":{"x":6.110000133514404,"y":1.6549999713897706,"z":0.5699999928474426},"rotation":{"x":0.14553479850292207,"y":0.5009281039237976,"z":-0.08590778708457947,"w":0.8488577008247376},"size":4.804874420166016,"orthographic":false}